1031,솔가 오메가-3 700
1033,솔가 오메가-3 700
1035,트리플러스 우먼 멀티비타민+미네랄+오메가-3(EPA 및 DHA 함유유지)
1036,데이터베이스에 없음
1041,데이터베이스에 없음,센트룸 포 우먼(50정)
1043,퓨어설퍼 (400G)
1044,센트룸 포 우먼(50정)
1046,데이터베이스에 없음
1048,데이터베이스에 없음
1049,데이터베이스에 없음
1050,퓨어설퍼 (400G),데이터베이스에 없음
1052,데이터베이스에 없음
1055,데이터베이스에 없음
1056,아연 30
1057,데이터베이스에 없음
1059,데이터베이스에 없음
1060,데이터베이스에 없음,데이터베이스에 없음
1061,트리플러스 우먼 멀티비타민+미네랄+오메가-3(EPA 및 DHA 함유유지)
1062,데이터베이스에 없음,울트라 플로라 프로바이오틱스 클래식,헬스팩
1068,센트룸 포 우먼(50정),데이터베이스에 없음
1069,데이터베이스에 없음
1070,데이터베이스에 없음
1071,셀랩 비타민D
1072,데이터베이스에 없음
1073,데이터베이스에 없음,새몬 오메가-3,패러웨이플러스 비타민,데이터베이스에 없음
1074,프리미엄 레시틴 플러스
1075,데이터베이스에 없음
1076,데이터베이스에 없음
1078,헬스팩
1079,프로후라바놀 C 300
1081,데이터베이스에 없음
1082,데이터베이스에 없음
1083,센트룸포맨(50정),아세로라 C(20정)
1084,데이터베이스에 없음
1085,센트룸포맨(50정),아세로라 C(20정)
1087,데이터베이스에 없음,데이터베이스에 없음
1088,데이터베이스에 없음,데이터베이스에 없음
1089,데이터베이스에 없음
1093,데이터베이스에 없음
1095,데이터베이스에 없음
1096,센트룸 포 우먼(50정)
1097,데이터베이스에 없음
1099,데이터베이스에 없음,데이터베이스에 없음,얼라이브! 원스데일리
1102,지엘에이 블렌드
1103,지엘에이 블렌드
1104,쏘팔메토 블렌드,지엘에이 블렌드
1105,지엘에이 블렌드
1106,더블엑스 리필
1107,더블엑스 리필
1110,더블엑스 리필
1111,더블엑스 리필
1116,더블엑스 리필
1119,데이터베이스에 없음
1120,칼맥 디 (120정)
1121,칼맥 디 (120정)
1122,새몬 오메가-3,칼맥 디 (120정)
1123,새몬 오메가-3,칼맥 디 (120정)
1124,아세로라 C(20정)
1125,아세로라 C(20정)
1126,데이터베이스에 없음
1128,데이터베이스에 없음
1129,데이터베이스에 없음
1135,데이터베이스에 없음
1136,데이터베이스에 없음
1137,데이터베이스에 없음,데이터베이스에 없음
1138,데이터베이스에 없음
1139,데이터베이스에 없음
1141,데이터베이스에 없음
1142,데이터베이스에 없음
1143,데이터베이스에 없음,센트룸포맨(50정)
1144,센트룸 포 우먼(50정)
1145,칼슘/마그네슘/비타민 디,데이터베이스에 없음
1147,데이터베이스에 없음,데이터베이스에 없음
1148,데이터베이스에 없음,슈퍼 오메가-3
1149,데이터베이스에 없음
1150,데이터베이스에 없음
1151,밀크씨슬 이엑스
1152,칼슘 마그네슘 아연 비타민D
1153,슈퍼 프리미엄 알티지 오메가-3
1154,데이터베이스에 없음
1155,데이터베이스에 없음
1157,데이터베이스에 없음
1158,데이터베이스에 없음
1159,데이터베이스에 없음,징코 엠
1160,데이터베이스에 없음
1161,데이터베이스에 없음
1162,데이터베이스에 없음,데이터베이스에 없음
1163,데이터베이스에 없음,데이터베이스에 없음
1164,데이터베이스에 없음
1166,프로바이오틱,울트라 플로라 프로바이오틱스 클래식,폴리 C,헬스팩
1167,데이터베이스에 없음
1168,데이터베이스에 없음,데이터베이스에 없음,데이터베이스에 없음
1169,데이터베이스에 없음,데이터베이스에 없음
1170,슈퍼 오메가-3,데이터베이스에 없음
1171,덴마크유산균이야기
1172,데이터베이스에 없음
1173,데이터베이스에 없음,솔가 프리네이탈 종합비타민&미네랄
1174,데이터베이스에 없음
1175,데이터베이스에 없음,데이터베이스에 없음
1177,데이터베이스에 없음
1178,슬림 스마트
1179,슬림 스마트
1182,조인트 가드,파워블럭
1183,조인트 가드,파워블럭
1184,코큐텐,데이터베이스에 없음
1185,코큐텐,데이터베이스에 없음
1186,데이터베이스에 없음
1187,뉴트리라이트 씨엘에이
1188,뉴트리라이트 씨엘에이
1189,덴마크유산균이야기
1190,비젼 아이디
1191,데이터베이스에 없음
1192,밀크씨슬 이엑스
1194,카보 저스트,F옥타코사놀
1195,카보 저스트,F옥타코사놀
1196,데이터베이스에 없음
1198,더블엑스 리필
1199,더블엑스 리필
1200,갈 이,데이터베이스에 없음
1201,카로틴 플러스
1202,쏘팔메토 블렌드
1203,이스트 비 비타민(85정),데이터베이스에 없음
1204,아세로라 C(20정),새몬 오메가-3
1205,아세로라 C(20정),새몬 오메가-3
1206,데이터베이스에 없음
1207,데이터베이스에 없음
1209,뉴트리라이트 씨엘에이,뉴트리 푸로틴 (녹차맛)
1210,뉴트리라이트 씨엘에이
1211,데이터베이스에 없음
1212,데이터베이스에 없음
1213,데이터베이스에 없음
1215,데이터베이스에 없음
1216,얼라이브! 원스데일리 포 우먼
1218,앨로케어
1221,칼맥 디 (120정)
1222,조인트 가드,뉴트리 파이토 푸로틴
1223,조인트 가드,뉴트리 파이토 푸로틴
1224,뉴트리 파이토 푸로틴
1225,뉴트리 파이토 푸로틴
1226,데이터베이스에 없음
1228,센트룸포맨(50정)
1229,프로후라바놀 C 300
1230,헬스팩,헤파실
1234,데이터베이스에 없음
1235,데이터베이스에 없음
1236,데이터베이스에 없음
1237,데이터베이스에 없음
1238,센트룸 포 우먼(50정)
1240,아세로라 C(20정)
1241,아세로라 C(20정)
1242,데이터베이스에 없음
1243,데이터베이스에 없음
1244,데이터베이스에 없음
1245,데이터베이스에 없음,데이터베이스에 없음
1246,데이터베이스에 없음
1247,데이터베이스에 없음
1248,데이터베이스에 없음,데이터베이스에 없음
1250,데이터베이스에 없음
1251,데이터베이스에 없음
1252,데이터베이스에 없음,데이터베이스에 없음
1253,데이터베이스에 없음
1254,데이터베이스에 없음,데이터베이스에 없음
1255,데이터베이스에 없음
1256,데이터베이스에 없음,데이터베이스에 없음
1257,데이터베이스에 없음
1258,데이터베이스에 없음
1259,헬스팩
1260,징코 엠
1261,데이터베이스에 없음
1262,징코 엠,데이터베이스에 없음
1263,데이터베이스에 없음,데이터베이스에 없음
1264,데이터베이스에 없음
1265,데이터베이스에 없음
1266,데이터베이스에 없음
1267,데이터베이스에 없음
1268,데이터베이스에 없음
1269,데이터베이스에 없음,데이터베이스에 없음
1270,프리미엄 프로폴리스 리퀴드
1271,데이터베이스에 없음
1272,데이터베이스에 없음
1274,데이터베이스에 없음
1275,데이터베이스에 없음
1277,데이터베이스에 없음
1278,데이터베이스에 없음,데이터베이스에 없음
1279,데이터베이스에 없음,데이터베이스에 없음
1280,데이터베이스에 없음,데이터베이스에 없음
1281,데이터베이스에 없음,데이터베이스에 없음
1282,데이터베이스에 없음
1284,데이터베이스에 없음,데이터베이스에 없음
1285,데이터베이스에 없음
1286,데이터베이스에 없음
1287,데이터베이스에 없음
1288,데이터베이스에 없음,데이터베이스에 없음
1289,데이터베이스에 없음
1290,데이터베이스에 없음,데이터베이스에 없음
1291,밀크씨슬 이엑스
1292,데이터베이스에 없음
1293,데이터베이스에 없음,데이터베이스에 없음
1294,데이터베이스에 없음,데이터베이스에 없음
1297,데이터베이스에 없음
1298,데이터베이스에 없음
1299,데이터베이스에 없음,데이터베이스에 없음
1300,데이터베이스에 없음
1301,데이터베이스에 없음,데이터베이스에 없음
1305,데이터베이스에 없음,데이터베이스에 없음
1306,데이터베이스에 없음,데이터베이스에 없음
1307,데이터베이스에 없음
1308,데이터베이스에 없음
1311,데이터베이스에 없음
1312,데이터베이스에 없음,데이터베이스에 없음
1313,데이터베이스에 없음
1314,데이터베이스에 없음
1315,데이터베이스에 없음
1316,데이터베이스에 없음
1317,데이터베이스에 없음
1318,데이터베이스에 없음
1319,데이터베이스에 없음
1320,데이터베이스에 없음
1321,데이터베이스에 없음
1322,데이터베이스에 없음
1323,데이터베이스에 없음
1325,데이터베이스에 없음
1326,데이터베이스에 없음
1327,데이터베이스에 없음
1328,데이터베이스에 없음
1329,데이터베이스에 없음
1330,데이터베이스에 없음,데이터베이스에 없음
1331,데이터베이스에 없음,데이터베이스에 없음
1332,얼라이브! 원스데일리,데이터베이스에 없음
1333,데이터베이스에 없음
1334,데이터베이스에 없음,데이터베이스에 없음,데이터베이스에 없음
1335,데이터베이스에 없음
1336,데이터베이스에 없음
1337,데이터베이스에 없음
1338,데이터베이스에 없음
1341,센트룸포맨(50정)
1342,데이터베이스에 없음
1343,새몬 오메가-3,카로틴 플러스
1344,새몬 오메가-3,카로틴 플러스
1345,데이터베이스에 없음
1346,리빌드 스트랭쓰
1347,솔가 네이처바이트
1348,리빌드 스트랭쓰
1349,데이터베이스에 없음
1350,데이터베이스에 없음
1351,센트룸포맨(50정)
1352,데이터베이스에 없음
1354,울트라 플로라 프로바이오틱스
1355,갈 이
1357,데이터베이스에 없음
1359,프로바이오틱
1360,데이터베이스에 없음,얼라이브! 원스데일리
1361,데이터베이스에 없음,데이터베이스에 없음
1362,데이터베이스에 없음
1363,데이터베이스에 없음,데이터베이스에 없음
1364,데이터베이스에 없음,데이터베이스에 없음
1368,데이터베이스에 없음,데이터베이스에 없음
1369,데이터베이스에 없음
1370,데이터베이스에 없음
1374,데이터베이스에 없음
1375,데이터베이스에 없음
1377,데이터베이스에 없음
1378,센트룸포맨(50정)
1379,울트라 메가 골드 멀티비타민 & 미네랄
1380,헬스팩
1381,데이터베이스에 없음,데이터베이스에 없음
1382,데이터베이스에 없음,데이터베이스에 없음
1384,데이터베이스에 없음,데이터베이스에 없음
1385,데이터베이스에 없음
1386,데이터베이스에 없음
1389,데이터베이스에 없음
1390,비오틴 5000,피트라인 리스토레이트
1391,데이터베이스에 없음
1392,데이터베이스에 없음
1393,데이터베이스에 없음,데이터베이스에 없음
1395,아세로라 C(20정),데이터베이스에 없음
1398,데이터베이스에 없음,데이터베이스에 없음
1399,데이터베이스에 없음
1400,트루블루 프로폴리스
1401,아세로라 C(20정)
1402,데이터베이스에 없음
1403,데이터베이스에 없음,데이터베이스에 없음
1404,데이터베이스에 없음,데이터베이스에 없음
1407,데이터베이스에 없음,데이터베이스에 없음
1408,데이터베이스에 없음
1409,솔가 남성용 멀티비타민&미네랄
1410,데이터베이스에 없음
1411,솔가 여성용 멀티비타민&미네랄,칼맥 디 (120정)
1412,조인트 가드,뉴트리 파이토 푸로틴
1413,데이터베이스에 없음
1414,데이터베이스에 없음
1415,솔가 여성용 멀티비타민&미네랄
1417,데이터베이스에 없음,데이터베이스에 없음
1418,뉴트리라이트 씨엘에이
1419,데이터베이스에 없음,데이터베이스에 없음
1420,데이터베이스에 없음,데이터베이스에 없음
1421,얼라이브! 원스데일리 포 맨
1422,데이터베이스에 없음,데이터베이스에 없음
1423,데이터베이스에 없음,데이터베이스에 없음
1424,데이터베이스에 없음,새몬 오메가-3
1425,데이터베이스에 없음,데이터베이스에 없음
1426,갈 이
1427,마그네슘 400,F옥타코사놀
1429,데이터베이스에 없음,데이터베이스에 없음
1430,데이터베이스에 없음
1431,데이터베이스에 없음,데이터베이스에 없음
1432,데이터베이스에 없음,데이터베이스에 없음
1433,데이터베이스에 없음,데이터베이스에 없음
1434,데이터베이스에 없음,데이터베이스에 없음
1436,데이터베이스에 없음
1437,데이터베이스에 없음
1438,데이터베이스에 없음,데이터베이스에 없음
1439,데이터베이스에 없음
1443,데이터베이스에 없음
1444,데이터베이스에 없음
1445,데이터베이스에 없음,프리미엄 오메가-3 골드 1100
1446,데이터베이스에 없음,프리미엄 오메가-3 골드 1100
1447,데이터베이스에 없음,데이터베이스에 없음
1448,데이터베이스에 없음,데이터베이스에 없음
1449,데이터베이스에 없음
1450,데이터베이스에 없음,데이터베이스에 없음
1451,데이터베이스에 없음
1453,데이터베이스에 없음
1454,데이터베이스에 없음
1457,징코 엠
1458,데이터베이스에 없음
1460,데이터베이스에 없음
1461,데이터베이스에 없음
1462,데이터베이스에 없음
1463,데이터베이스에 없음
1464,데이터베이스에 없음
1465,데이터베이스에 없음,데이터베이스에 없음,셀레늄 플러스
1466,얼라이브! 원스데일리 포 맨
1467,데이터베이스에 없음
1468,데이터베이스에 없음
1469,데이터베이스에 없음
1470,데이터베이스에 없음
1471,데이터베이스에 없음
1472,데이터베이스에 없음
1473,데이터베이스에 없음
1474,데이터베이스에 없음
1475,데이터베이스에 없음,데이터베이스에 없음
1476,데이터베이스에 없음,데이터베이스에 없음
1477,데이터베이스에 없음,데이터베이스에 없음
1478,데이터베이스에 없음
1479,데이터베이스에 없음,데이터베이스에 없음
1481,데이터베이스에 없음
1482,데이터베이스에 없음,데이터베이스에 없음
1483,데일리,데이터베이스에 없음
1484,데이터베이스에 없음
1485,데이터베이스에 없음
1486,데이터베이스에 없음
1487,버퍼드 비타민 C 1000,데이터베이스에 없음
1489,데이터베이스에 없음
1490,데이터베이스에 없음
1491,데이터베이스에 없음,센트룸 포 우먼(50정)
1492,데이터베이스에 없음,데이터베이스에 없음
1493,데이터베이스에 없음
1494,솔가 오메가-3 700,솔가 남성용 멀티비타민&미네랄
1495,데이터베이스에 없음
1496,데이터베이스에 없음
1497,데이터베이스에 없음,데이터베이스에 없음
1499,데이터베이스에 없음,프리미엄 알티지 오메가-3 1200
1500,데이터베이스에 없음,데이터베이스에 없음
1501,데이터베이스에 없음,얼라이브! 원스데일리 포 우먼
1502,데이터베이스에 없음,피트라인 액티바이즈
1504,데이터베이스에 없음
1505,데이터베이스에 없음,데이터베이스에 없음
1506,데이터베이스에 없음,데이터베이스에 없음
1507,얼라이브! 원스데일리,데이터베이스에 없음
1509,데이터베이스에 없음,얼라이브! 원스데일리 포 맨
1510,데이터베이스에 없음
1511,얼라이브! 원스데일리 포 우먼
1512,뉴트리 파이토 푸로틴,아세로라 C(20정),밀크씨슬 이엑스
1513,뉴트리 파이토 푸로틴,밀크씨슬 이엑스
1514,데이터베이스에 없음
1515,데이터베이스에 없음,데이터베이스에 없음
1516,데이터베이스에 없음
1518,데이터베이스에 없음
1519,데이터베이스에 없음,아세로라 C(20정)
1520,아세로라 C(20정),비타민 디
1521,데이터베이스에 없음,데이터베이스에 없음
1522,데이터베이스에 없음
1523,데이터베이스에 없음,데이터베이스에 없음
1525,데이터베이스에 없음
1526,데이터베이스에 없음
1527,피트라인 뮤노겐
1529,데이터베이스에 없음
1531,데이터베이스에 없음,데이터베이스에 없음
1532,데이터베이스에 없음,센트룸포맨(50정)
1533,데이터베이스에 없음
1534,데이터베이스에 없음
1535,데이터베이스에 없음
1537,데이터베이스에 없음
1538,데이터베이스에 없음
1539,얼라이브! 원스데일리 포 맨
1541,앨로케어
1542,데이터베이스에 없음
1543,데이터베이스에 없음
1544,데이터베이스에 없음
1545,데이터베이스에 없음
1546,데이터베이스에 없음
1547,데이터베이스에 없음
1548,데이터베이스에 없음
1549,데이터베이스에 없음
1551,데이터베이스에 없음
1552,데이터베이스에 없음
1553,더블엑스 리필
1555,데이터베이스에 없음,데이터베이스에 없음
1556,얼라이브! 원스데일리,데이터베이스에 없음
1558,데이터베이스에 없음,울트라 플로라 프로바이오틱스
1560,아세로라 C(20정),데이터베이스에 없음
1561,데이터베이스에 없음,데이터베이스에 없음
1563,데이터베이스에 없음
1565,데이터베이스에 없음,데이터베이스에 없음
1566,데이터베이스에 없음
1567,데이터베이스에 없음
1568,데이터베이스에 없음
1569,데이터베이스에 없음,데이터베이스에 없음
1570,데이터베이스에 없음
1572,데이터베이스에 없음
1574,데이터베이스에 없음,데이터베이스에 없음
1575,데이터베이스에 없음
1576,데이터베이스에 없음
1578,데이터베이스에 없음
1579,프리미엄 오메가-3 골드 1100
1580,데이터베이스에 없음,데이터베이스에 없음
1581,데이터베이스에 없음,바이오메가
1582,프리미엄 오메가-3 골드 1100
1583,데이터베이스에 없음
1584,데이터베이스에 없음
1585,데이터베이스에 없음
1586,데이터베이스에 없음,데이터베이스에 없음
1587,데이터베이스에 없음
1588,데이터베이스에 없음
1590,데이터베이스에 없음
1591,데이터베이스에 없음
1592,데이터베이스에 없음,데이터베이스에 없음
1594,데이터베이스에 없음
1595,데이터베이스에 없음
1596,데이터베이스에 없음
1597,데이터베이스에 없음
1598,데이터베이스에 없음
1599,데이터베이스에 없음
1601,데이터베이스에 없음
1602,데이터베이스에 없음
1604,데이터베이스에 없음,데이터베이스에 없음
1605,센트룸포맨(50정),데이터베이스에 없음
1606,데이터베이스에 없음
1609,폴리 C
1610,데이터베이스에 없음
1611,트루블루 프로폴리스
1613,데이터베이스에 없음
1614,데이터베이스에 없음
1616,데이터베이스에 없음
1617,데이터베이스에 없음
1618,데이터베이스에 없음
1619,얼라이브! 원스데일리
1621,데이터베이스에 없음
1622,데이터베이스에 없음
1623,얼라이브! 원스데일리 포 맨
1624,데이터베이스에 없음
1626,데이터베이스에 없음
1627,데이터베이스에 없음
1628,데이터베이스에 없음
